--Create Database Hastane

use Hastane

DROP TABLE IF EXISTS TBLMuayeneler;
DROP TABLE IF EXISTS TBLTahliller;
DROP TABLE IF EXISTS TBLRandevu;
DROP TABLE IF EXISTS TBLHastaKabul;
DROP TABLE IF EXISTS TBLHastalar;
DROP TABLE IF EXISTS TBLDoktor;
DROP TABLE IF EXISTS TBLHastane;


CREATE TABLE TBLHastane(
Hastane_ID char(10) CONSTRAINT PK_Hastane_ID PRIMARY KEY,
Hastane_Ad nvarchar(50) NOT NULL,
Hastane_Tel char(10) NOT NULL UNIQUE,
Hastane_Gmail nvarchar(30) Not NULL UNIQUE,
Hastane_Adres varchar(70) NOT NULL,

CONSTRAINT kntrl_hastane_Tel CHECK (Hastane_Tel like '[0-9][0-9][0-9][0-9][0-9][0-9][0-9][0-9][0-9][0-9]')

);

INSERT INTO TBLHastane(Hastane_ID,Hastane_Ad,Hastane_Tel,Hastane_Gmail,Hastane_Adres)

VALUES('H001','Devlet Hastanesi',2122659465,'devlethastane@gmail.com','Ýstanbul/Beylikdüzü');



CREATE TABLE TBLDoktor(

Doktor_ID char(10) CONSTRAINT PK_CalisanlarID PRIMARY KEY,
Doktor_Pozisyon varchar(30) NOT NULL,
Doktor_Alan varchar(50) NOT NULL,
Doktor_Ad nvarchar(30) NOT NULL,
Doktor_Soyad nvarchar(30) NOT NULL,
Doktor_Cinsiyet nvarchar(5) NOT NULL,
Doktor_Dogum_Tarih date NOT NULL,
Doktor_TCNo char(11) NOT NULL UNIQUE,
Doktor_Tel char(12) NOT NULL UNIQUE,
Doktor_Maas smallmoney NOT NULL,
Hastane_ID char(10),
CHECK (Doktor_Cinsiyet in ('Erkek' , 'Kadýn')),
CONSTRAINT kntrl_Dogum_Tarih CHECK (Doktor_Dogum_Tarih <= DATEADD(year, -18, GETDATE())),
CONSTRAINT kntrl_doktor_tcno CHECK (Doktor_TCNo like '[0-9][0-9][0-9][0-9][0-9][0-9][0-9][0-9][0-9][0-9][0-9]'),
CONSTRAINT kntrl_doktor_Tel CHECK (Doktor_Tel like '[0-9][0-9][0-9][0-9][0-9][0-9][0-9][0-9][0-9][0-9]'),

CONSTRAINT FK_Hastane_ID FOREIGN KEY (Hastane_ID) REFERENCES TBLHastane(Hastane_ID)); 


INSERT INTO TBLDoktor(Doktor_ID,Doktor_Pozisyon,Doktor_Alan,Doktor_Ad,Doktor_Soyad,Doktor_Cinsiyet,Doktor_Dogum_Tarih,Doktor_TCNo,
Doktor_Tel,Doktor_Maas,Hastane_ID)

VALUES('D001','Uzman Doktor','Aðýz Diþ ve Çene Cerrahisi','Berk','Acar','Erkek','1978-02-06',31124565749,5346935273,30000,'H001'),
	  ('D002','Uzman Doktor','Ortopedi ve Travmatoloji','Batu','Atay','Erkek','1986-05-03',36174869748,5357483694,26750,'H001'),
	  ('D003','Doçent Doktor','Beyin ve Sinir Cerrahisi','Arda','Yaban','Erkek','1987-12-26',22104861638,5338599255,25000,'H001'),
	  ('D004','Yardýmcý Doçent Doktor','Deri ve Zührevi Hastalýklarý (Cildiye)','Sevgi','Takýr','Kadýn','1978-02-06',21123574915,5347181866,25700,'H001'),
	  ('D005','Yardýmcý Doçent Doktor','Deri ve Zührevi Hastalýklarý (Cildiye)','Emrah','Dönmez','Erkek','1973-08-19',21127777775,5333331863,24600,'H001'),
	  ('D006','Uzman Doktor','Ýç Hastalýklarý (Dahiliye)','Gül','Mum','Kadýn','1969-05-15',13323976827,5387783516,26750,'H001'),
	  ('D007','Doçent Doktor','Kulak Burun Boðaz Hastalýklarý','Arda','Çevik','Erkek','1993-07-16',22104861628,5338579233,35500,'H001'),
	  ('D008','Profesör Doktor','Göz Hastalýklarý','Tarkan','Devrim','Erkek','1978-02-06',12323975829,5347686586,20750,'H001'),
	  ('D009','Yardýmcý Doçent Doktor','Ortopedi ve Travmatoloji','Yasemin','Çetin','Kadýn','1975-11-27',11344965819,5326956486,20650,'H001'),
	  ('D010','Uzman Doktor','Ortopedi ve Travmatoloji','Zeynep','Akay','Kadýn','1989-10-13',11388968819,5325555485,25650,'H001'),
	  ('D011','Doçent Doktor','Kulak Burun Boðaz Hastalýklarý','Mihriban','Çay','Kadýn','1978-02-06',11377967719,5324444485,30100,'H001'),
	  ('D012','Uzman Doktor','Nöroloji','Dildora','Yaþar','Kadýn','1978-02-06',11378856619,5322222285,35000,'H001'),
	  ('D013','Doçent Doktor','El Cerrahisi','Þerife','Gök','Kadýn','1978-03-16',11377777619,5333333385,24000,'H001'),
	  ('D014','Uzman Doktor','Genel Cerrahi','Nursin','Soylu','Kadýn','1978-02-06',11371717619,5333133185,27000,'H001'),
	  ('D015','Uzman Doktor','Ortopedi ve Travmatoloji','Zerrin','Ayaþ','Kadýn','1977-07-07',11312222119,5355555555,25650,'H001'),
	  ('D016','Doçent Doktor','Fiziksel Týp ve Rehabilitasyon','Aykut','Yýldýrým','Erkek','1973-08-19',11312229119,5355555655,19050,'H001'),
	  ('D017','Profesör Doktor','Diþ Hekimliði (Genel Diþ)','Batuhan','Okul','Erkek','1974-01-27',11319999191,5355555755,15750,'H001'),
	  ('D018','Doçent Doktor','Kalp ve Damar Cerrahisi','Taylan','Tuna','Erkek','1982-08-17',11315555519,5355558555,17000,'H001'),
	  ('D019','Doçent Doktor','Kadýn Hastalýklarý ve Doðum','Ceren','Yaslan','Kadýn','1965-09-07',11311111119,5305055959,18000,'H001'),
	  ('D020','Profesör Doktor','Kalp ve Damar Cerrahisi','Melisa','Atik','Kadýn','1978-02-06',11333331119,5365555959,17550,'H001'),
	  ('D021','Uzman Doktor','Ruh Saðlýðý ve Hastalýklarý (Psikiyatri)','Yunus','Butur','Erkek','1980-09-21',11333333339,5364554981,16890,'H001'),
	  ('D022','Doçent Doktor','Beyin ve Sinir Cerrahisi','Seda','Arýkum','Kadýn','1978-02-06',11334331119,5365455959,17000,'H001'),
	  ('D023','Uzman Doktor','Kulak Burun Boðaz Hastalýklarý','Aynur','Albayrak','Kadýn','1989-02-06',11338331118,5385855858,27606,'H001'),
	  ('D024','Doçent Doktor','Beyin ve Sinir Cerrahisi','Ahmet','Çömez','Erkek','1977-02-11',12232331567,5385857878,28500,'H001'),
	  ('D025','Yardýmcý Doçent Doktor','Kulak Burun Boðaz Hastalýklarý','Sarp','Vural','Erkek','1978-02-06',12231331566,5388857876,29500,'H001'),
	  ('D026','Profesör Doktor','Nöroloji','Mehmet','Aðgez','Erkek','1983-02-06',12331331566,5381857876,30500,'H001'),
	  ('D027','Yardýmcý Doçent Doktor','Ruh Saðlýðý ve Hastalýklarý (Psikiyatri)','Aysun','Civelek','Kadýn','1978-02-06',12331337566,5387857776,30700,'H001'),
	  ('D028','Uzman Doktor','Kardiyoloji','Aynur','Gürbüz','Kadýn','1989-07-15',12332337566,5327857776,30700,'H001'),
	  ('D029','Doçent Doktor','Ortodonti','Sinan','Temel','Erkek','1977-02-06',12339337566,5327859776,10900,'H001'),
	  ('D030','Profesör Doktor','Kalp ve Damar Cerrahisi','Esin','Öz','Kadýn','1969-02-06',12338337586,5327859876,10800,'H001'),
	  ('D031','Doçent Doktor','Ýç Hastalýklar(Dahiliye)','Aykut','Öztekin','Erkek','1978-02-06',12737777586,5327759877,15700,'H001'),
	  ('D032','Uzman Doktor','Ortopedi ve Travmatoloji','Aysun','Özver','Kadýn','1991-02-17',12737778586,5328759897,25700,'H001'),
	  ('D033','Uzman Doktor','Fiziksel Týp ve Rehabilitasyon','Mehmet','Han','Erkek','1978-02-06',12733773586,5393959873,25750,'H001'),
	  ('D034','Doçent Doktor','Diþ Hekimliði (Genel Diþ)','Aybüke','Tosun','Kadýn','1968-02-06',12733773186,5393951873,27750,'H001'),
	  ('D035','Uzman Doktor','Deri ve Zührevi Hastalýklarý (Cildiye)','Derya','Ay','Kadýn','1978-02-06',12633673186,5363651813,26000,'H001'),
	  ('D036','Profesör Doktor','Göðüs Hastalýklarý','Duru','Roman','Kadýn','1988-02-06',12633622172,5363251723,22000,'H001'),
	  ('D037','Uzman Doktor','Diþ Hekimliði (Genel Diþ)','Duru','Roman','Kadýn','1983-05-15',12633622182,5363251823,22000,'H001'),
	  ('D038','Doçent Doktor','Kadýn Hastalýklarý ve Doðum','Sýla','Þeker','Kadýn','1993-09-29',12633622482,5363401823,21000,'H001'),
	  ('D039','Doçent Doktor','Beyin ve Sinir Cerrahisi','Ali Can','Karaman','Erkek','1989-03-15',12333622382,5363331823,20000,'H001'),
	  ('D040','Uzman Doktor','Aðýz,Diþ ve Çene Cerrahisi','Hamdi','Uslu','Erkek','1978-02-06',12333692882,5383931823,29000,'H001'),
	  ('D041','Uzman Doktor','Fiziksel Týp ve Rehabilitasyon','Ecenaz','Sarý','Kadýn','1978-02-06',12333672872,5383972873,23500,'H001'),
	  ('D042','Profesör Doktor','Kulak Burun Boðaz Hastalýklarý','Cemre','Topçu','Kadýn','1963-12-13',12733672772,5383971873,27500,'H001'),
	  ('D043','Uzman Doktor','Kalp ve Damar Cerrahisi','Efe','Beyaz','Erkek','1967-02-06',12739672772,5383979873,37500,'H001'),
	  ('D044','Doçent Doktor','Üroloji','Kadir','Soy','Erkek','1978-02-06',12739679779,5383979973,38000,'H001'),
	  ('D045','Uzman Doktor','Göz Hastalýklarý','Elif','Kütük','Kadýn','1959-03-26',12739279729,5383929273,28000,'H001'),
	  ('D046','Profesör Doktor','Genel Cerrahi','Murat','Arslan','Erkek','1978-02-18',12739279789,5383928273,38000,'H001'),
	  ('D047','Uzman Doktor','Göðüs Hastalýklarý','Aslý','Arslan','Kadýn','1989-07-15',12739249789,5383942273,34000,'H001'),
	  ('D048','Doçent Doktor','Nöroloji','Mehmet','Arslan','Erkek','1978-02-06',12739279739,5383923273,28700,'H001'),
	  ('D049','Uzman Doktor','Kadýn Hastalýklarý ve Doðum','Þevket','Arslan','Erkek','1978-03-18',12739229789,5382928273,18990,'H001'),
	  ('D050','Uzman Doktor','Kulak Burun Boðaz Hastalýklarý','Rýza','Arslan','Erkek','1972-05-12',12719279789,5383128273,16000,'H001');
	  
	  


CREATE TABLE TBLHastalar(

Hasta_ID char(10) CONSTRAINT PK_Hasta_ID PRIMARY KEY,
Hasta_Ad nvarchar(30) NOT NULL,
Hasta_Soyad nvarchar(30) NOT NULL,
Hasta_Cinsiyet nvarchar(5),
Hasta_TC_No char(11) NOT NULL UNIQUE,
Hasta_Medeni_Hal nvarchar(5),
Hasta_Adres nvarchar(35),
Hasta_Tel char(12) NOT NULL UNIQUE,
Hasta_Yakini_Tel char(12) NOT NULL UNIQUE,
Hasta_Gmail nvarchar(30) UNIQUE,
Hasta_Meslek nvarchar(25),
Hasta_Dogum_Tarih datetime,
Hasta_Kayit_Tarih smalldatetime NOT NULL,
Kayitli_Il_ID nvarchar(15),
Kayitli_Ilce_ID nvarchar(15),
KanGrup nvarchar(5),

CHECK (Hasta_Cinsiyet in ('Erkek' , 'Kadýn')),
CHECK (Hasta_Medeni_Hal in ('Evli' , 'Bekar')),
CONSTRAINT kntrl_hasta_tcno CHECK (Hasta_TC_No like '[0-9][0-9][0-9][0-9][0-9][0-9][0-9][0-9][0-9][0-9][0-9]'),
CONSTRAINT kntrl_hasta_Tel CHECK (Hasta_Tel like '[0-9][0-9][0-9][0-9][0-9][0-9][0-9][0-9][0-9][0-9][0-9]'),
CONSTRAINT kntrl_hastaYakini_Tel CHECK (Hasta_Yakini_Tel like '[0-9][0-9][0-9][0-9][0-9][0-9][0-9][0-9][0-9][0-9][0-9]')

);

INSERT INTO TBLHastalar (Hasta_ID,Hasta_Ad,Hasta_Soyad,Hasta_Cinsiyet,Hasta_TC_No,Hasta_Medeni_Hal,Hasta_Adres,Hasta_Tel,Hasta_Yakini_Tel,Hasta_Gmail,Hasta_Meslek,Hasta_Dogum_Tarih,
Hasta_Kayit_Tarih,Kayitli_Il_ID,Kayitli_Ilce_ID,KanGrup)

VALUES('H001','Ayþe','Arýkan','Kadýn',12345678902,'Bekar','Ýstanbul/Beylikdüzü',55523312126,55174332191,'aysearikan@gmail.com','Öðretmen','1986-05-03 05:10:10.550','2021-11-11 10:00:00','Ýstanbul','Beylikdüzü','0Rh+'),
	  ('H002','Ali','Bilgin','Erkek',65787967844,'Evli','Ýstanbul/Þiþli',055556412197,052527312526,'alibilgin@gmail.com','Mühendis','1972-05-12 01:30:20.337','2021-11-12 20:14:00','Ýstanbul','Þiþli','ARh-'),
	  ('H003','Veysel','Candan','Erkek',78905643282,'Bekar','Ýstanbul/Beylerbeyi',056729430216,053563412526,'veyselcandan@gmail.com','Memur','1978-03-18 02:31:30.670','2021-11-13 01:00:00','Ýstanbul','Beylerbeyi','ARh+'),
	  ('H004','Emel','Bademci','Kadýn',54678934562,'Evli','Ýstanbul/Maltepe',055674332191,054927612426,'emelbademci@gmail.com','Öðretmen','1983-02-23 03:32:50.593','2021-11-24 02:11:00','Ýstanbul','Maltepe','BRh-'),
	  ('H005','Emir','Akay','Erkek',65478953242,'Evli','Ýstanbul/Ataþehir',056542116179,056727312456,'emirakay@gmail.com','Aþçý','1988-11-11 04:33:13.413','2021-11-27 03:00:00','Ýstanbul','Ataþehir','ARh+'),
	  ('H006','Sarp','Korkmaz','Erkek',87907657822,'Bekar','Ýstanbul/Florya',055825019432,057543612986,'sarpkorkmaz@gmail.com','Kasap','1971-01-01 05:34:42.320','2021-11-29 04:12:00','Ýstanbul','Florya','ARh+'),
	  ('H007','Kerem','Yýldýz','Erkek',78967543064,'Bekar','Ýstanbul/Halkalý',055674322116,058563352826,'keremyildiz@gmail.com','Nakliyeci','1997-05-28 06:35:41.233','2021-11-30 04:33:00','Ýstanbul','Halkalý','BRh+'),
	  ('H008','Derin','Güler','Kadýn',76895643866,'Bekar','Ýstanbul/Küçükçekmece',056533017928,057943315123,'deringuler@gmail.com','Eczacý','1993-07-16 07:36:40.143','2021-12-01 06:07:00','Ýstanbul','Küçükçekmece','ARh-'),
	  ('H009','Toprak','Mutlu','Kadýn',67854356586,'Evli','Ýstanbul/Büyükçekmece',051521352424,055615313196,'toprakmutlu@gmail.com','Fizyoterapist','1985-02-24 08:37:39.553','2021-12-05 07:15:00','Ýstanbul','Büyükçekmece','ARh+'),
	  ('H010','Ece','Aksoy','Kadýn',23453467882,'Evli','Ýstanbul/Þirinevler',055553682729,058583302726,'eceaksoy@gmail.com','Öðretmen','1983-03-03 09:38:38.637','2021-12-07 08:00:00','Ýstanbul','Þirinevler','ABRh-'),
	  ('H011','Naz','Ekiz','Kadýn',31234563924,'Bekar','Ýstanbul/Mecidiyeköy',054583311127,055555412197,'nazekiz@gmail.com','Radyolog','1984-09-19 10:39:37.787','2021-12-15 17:47:00','Ýstanbul','Mecidiyeköy','ARh+'),
	  ('H012','Su','Demir','Kadýn',54675435682,'Evli','Ýstanbul/Þiþli',055627313129,056729230216,'sudemir@gmail.com','Diþ Hekimi','1980-12-23 11:40:36.197','2021-12-17 11:04:00','Ýstanbul','Þiþli','ABRh+'),
	  ('H013','Sena','Evren','Kadýn',43212346586,'Bekar','Ýstanbul/Beylikdüzü',058523682726,055974332191,'senaevren@gmail.com','Kimyager','1983-05-15 12:41:35.283','2021-12-21 12:00:00','Ýstanbul','Beylikdüzü','0Rh-'),
	  ('H014','Simay','Candemir','Kadýn',12345123448,'Evli','Ýstanbul/Kadýköy',055613812424,056546116179,'simaycandemir@gmail.com','Avukat','1994-04-01 13:42:34.317','2021-12-27 15:45:00','Ýstanbul','Kadýköy','ARh+'),
	  ('H015','Hasan','Akar','Erkek',67541232486,'Bekar','Ýstanbul/Çekmeköy',055429212826,055815019432,'hasanakar@gmail.com','Kasiyer','1980-09-21 14:43:33.083','2021-12-29 16:46:00','Ýstanbul','Çekmeköy','BRh-'),
	  ('H016','Mira','Erdem','Kadýn',13256437628,'Bekar','Ýstanbul/Esenyurt',053923632176,055684322116,'miraerdem@gmail.com','Astrolog','1973-08-19 15:44:32.757','2022-01-01 16:00:00','Ýstanbul','Esenyurt','ABRh-'),
	  ('H017','Aykut','Ýnce','Erkek',12314568584,'Evli','Ýstanbul/Arnautköy',058583502726,056532017928,NULL,'Emekli','1965-03-19 16:45:31.463','2022-01-03 18:47:00','Ýstanbul','Arnavutköy','ARh+'),
	  ('H018','Taylan','Baltacý','Erkek',12354327568,'Bekar','Ýstanbul/Fatih',055625313196,051511352424,'taylanbaltaci@gmail.com','Öðretmen','1963-12-13 17:46:30.737','2022-01-05 19:48:00','Ýstanbul','Fatih','ARh+'),
	  ('H019','Tarkan','Köse','Erkek',23452164628,'Evli','Ýstanbul/Gaziosmanpaþa',057543315123,055593682729,'tarkankose@gmail.com','Menajer','1986-05-25 18:47:29.820','2022-01-07 20:04:00','Ýstanbul','Gaziosmanpaþa','ARh+'),
	  ('H020','Selin','Uyar','Kadýn',43212334584,'Bekar','Ýstanbul/Þiþli',055563352826,054553311127,'selinuyar@gmail.com','Ev Hanýmý','1993-09-29 19:48:28.913','2022-01-09 21:50:00','Ýstanbul','Þiþli','BRh+'),
	  ('H021','Tutku','Kahraman','Kadýn',12314566482,'Evli','Ýstnbul/Kartal',055543612986,055687313129,'tutkukahraman@gmail.com','Ev Hanýmý','1991-02-17 20:04:27.883','2022-01-11 22:51:00','Ýstanbul','Kartal','ARh+'),
	  ('H022','Bartu','Dönmez','Erkek',12354215784,'Evli','Ýstanbul/Kaðýthane',055727312456,058573682726,'bartudonmez@gmail.com','Sigortacý','1996-03-06 21:50:26.547','2022-01-12 23:25:00','Ýstanbul','Kaðýthane','ARh-'),
	  ('H023','Baran','Yýlmaz','Erkek',12376543264,'Evli','Ýstanbul/Okmeydaný',055927612426,055613512424,'baranyilmaz@gmail.com','Bekçi','1982-08-06 22:51:25.233','2022-01-13 01:54:00','Ýstanbul','Okmeydaný','ARh+'),
	  ('H024','Cafer','Arslan','Erkek',87432157848,'Bekar','Ýstanbul/Çatalca',054563412526,055424212826,'caferarslan@gmail.com','Emekli','1965-09-07 23:24:52.127','2022-01-14 01:31:00','Ýstanbul','Çatalca','0Rh+'),
	  ('H025','Cengiz','Aydýn','Erkek',45326867544,'Bekar','Ýstanbul/Beylikdüzü',057527312526,053923332176,'cengizaydin@gmail.com','Emekli','1972-07-16 01:53:06.850','2022-01-15 05:10:10','Ýstanbul','Beylikdüzü','ARh+'),
	  ('H026','Eylül','Su','Kadýn',45326867646,'Evli','Ýstanbul/Beylerbeyi',056527612526,053963632176,'eylulsu@gmail.com','Ev Hanýmý','1972-06-16 01:53:06.850','2022-01-15 07:11:02','Ýstanbul','Beylerbeyi','ARh-'),
	  ('H027','Hüseyin','Umut','Erkek',45366867664,'Evli','Ýstanbul/Eyüpsultan',053577312727,053727337176,'huseyinumut@gmail.com','Ýþçi','1982-07-15 01:53:06.850','2022-01-15 15:11:10','Ýstanbul','Eyüpsultan','ABRh-'),
	  ('H028','Harun','Çömez','Erkek',45555867664,'Bekar','Ýstanbul/Halkalý',053667366767,053727637676,'haruncomez@gmail.com','Aþçý','1989-07-15 01:53:06.850','2022-01-15 15:12:10','Ýstanbul','Halkalý','BRh+'),
	  ('H029','Aysun','Karabýyýk','Kadýn',45555833333,'Bekar','Ýstanbul/Mecidiyeköy',053667366737,053727633676,'aysunkarabiyik@gmail.com','Öðretmen','1992-04-17 01:53:06.850','2022-01-15 16:12:10','Ýstanbul','Mecidiyeköy','0Rh+'),
	  ('H030','Zuhal','Doruk','Kadýn',45455433433,'Bekar','Ýstanbul/Küçükçekmece',053664346737,053727633674,'zuhaldoruk@gmail.com','Yönetici','1982-08-17 01:53:06.850','2022-01-15 17:12:10','Ýstanbul','Küçükçekmece','ARh-'),
	  ('H031','Harun','Aslan','Erkek',45155432423,'Evli','Ýstanbul/Zeytinburnu',053361346737,053717633674,'harunaslan@gmail.com','Pazarcý','1972-08-17 01:53:06.850','2022-01-15 18:12:10','Ýstanbul','Zeytinburnu','ABRh+'),
	  ('H032','Hazal','Tan','Kadýn',45158438423,'Evli','Ýstanbul/Pendik',053363346337,053712633624,'hazaltan@gmail.com','Psikolog','1992-08-17 01:53:06.850','2022-01-15 19:12:10','Ýstanbul','Pendik','BRh-'),
	  ('H033','Hakan','Kýrgýz','Erkek',45255722423,'Evli','Ýstanbul/Þile',053361641777,053717677674,'hakankirgiz@gmail.com','Emekli','1962-09-14 01:53:06.850','2022-01-15 18:12:10','Ýstanbul','Þile','BRh-'),
	  ('H034','Kutay','Yýlmaz','Erkek',45215722423,'Evli','Ýstanbul/Esenler',053661241777,053217637674,'kutayyilmaz@gmail.com','Yazar','1967-10-24 01:53:06.850','2022-01-15 18:12:10','Ýstanbul','Esenler','0Rh+'),
	  ('H035','Sude','Demir','Kadýn',45295722923,'Bekar','Ýstanbul/Beþiktaþ',053361691797,053917677694,'sudedemir@gmail.com','Öðrenci','1998-12-31 01:53:06.850','2022-01-15 18:12:10','Ýstanbul','Beþiktaþ','0Rh-'),
	  ('H036','Pelin','Tay','Kadýn',45215781923,'Bekar','Ýstanbul/Silivri',053661291177,053217617679,'pelintay@gmail.com','Öðrenci','1997-11-03 01:53:06.850','2022-01-15 18:12:10','Ýstanbul','Silivri','ABRh+'),
	  ('H037','Berrak','Saygý','Kadýn',45216981923,'Bekar','Ýstanbul/Üsküdar',053661496177,053117617669,'berraksaygi@gmail.com','Öðrenci','1999-05-04 01:53:06.850','2022-01-15 18:12:10','Ýstanbul','Üsküdar','BRh-'),
	  ('H038','Burcu','Kara','Kadýn',45255785923,'Bekar','Ýstanbul/Sancaktepe',053661191177,053117617679,'burcukara@gmail.com','Memur','1987-12-23 01:53:06.850','2022-01-15 18:12:10','Ýstanbul','Sancaktepe','ARh+'),
	  ('H039','Beyza','Umut','Kadýn',45214921923,'Evli','Ýstanbul/Güngören',053661497177,053117617769,'beyzaumut@gmail.com','Mühendis','1990-01-13 01:53:06.850','2022-01-15 18:12:10','Ýstanbul','Güngören','0Rh+'),
	  ('H040','Alp','Ateþ','Erkek',45114921122,'Evli','Ýstanbul/Bayrampaþa',053621191177,053111617729,'alpates@gmail.com','Ýþçi','1964-01-23 01:53:06.850','2022-01-15 18:12:10','Ýstanbul','Bayrampaþa','BRh-'),
	  ('H041','Songül','Doðramacý','Kadýn',45114421122,'Evli','Ýstanbul/Baþakþehir',053624191177,053114617729,'songuldogramaci@gmail.com','Modacý','1994-11-03 01:53:06.850','2022-01-15 18:12:10','Ýstanbul','Baþakþehir','0Rh-'),
	  ('H042','Aysel','Akyol','Kadýn',45114821622,'Evli','Ýstanbul/Beyoðlu',053661891177,053111686729,'ayselakyol@gmail.com','Öðretmen','1988-01-23 01:53:06.850','2022-01-15 18:12:10','Ýstanbul','Beyoðlu','ARh-'),
	  ('H043','Leyla','Akyüz','Kadýn',45118821622,'Evli','Ýstanbul/Sultanbeyli',053661891877,053111688879,'leylaayuz@gmail.com','Mimar','1989-11-27 01:53:06.850','2022-01-15 18:12:10','Ýstanbul','Sultanbeyli','ABRh-'),
	  ('H044','Yakup','Demir','Erkek',45113822932,'Evli','Ýstanbul/Beykoz',053661821177,053121606729,'yakupdemir@gmail.com','Öðretmen','1971-11-28 01:53:06.850','2022-01-15 18:12:10','Ýstanbul','Beykoz','ARh+'),
	  ('H045','Yasemin','Dündar','Kadýn',45113892912,'Evli','Ýstanbul/Esenler',053661921177,053121609729,'yasemindundar@gmail.com','Öðretmen','1970-11-28 01:53:06.850','2022-01-15 18:12:10','Ýstanbul','Esenler','0Rh+'),
	  ('H046','Yasin','Þeref','Erkek',45122822332,'Evli','Ýstanbul/Fatih',053669821377,053921603729,'yasinseref@gmail.com','Öðretmen','1971-01-07 01:53:06.850','2022-01-15 18:12:10','Ýstanbul','Fatih','BRh+'),
	  ('H047','Zeynep','Þen','Kadýn',45124822332,'Bekar','Ýstanbul/Silivri',053669821337,053921633729,'zeynepsen@gmail.com','Öðrenci','2001-03-27 01:53:06.850','2022-01-15 18:12:10','Ýstanbul','Silivri','0Rh-'),
	  ('H048','Alican','Sönmez','Erkek',45122822112,'Evli','Ýstanbul/Küçükçekmece',053669821177,053121603729,'alicansonmez@gmail.com','Mühendis','1992-11-27 01:53:06.850','2022-01-15 18:12:10','Ýstanbul','Küçükçekmece','0Rh+'),
	  ('H049','Ahmet','Kara','Erkek',45192822332,'Evli','Ýstanbul/Halkalý',053629821377,053321203729,'ahmetkara@gmail.com','Emekli','1961-01-07 01:53:06.850','2022-01-15 18:12:10','Ýstanbul','Halkalý','ABRh+'),
	  ('H050','Hüseyin','Aydýn','Erkek',45192822312,'Evli','Ýstanbul/Zeytinburnu',053629821177,053311203729,'huseyinaydin@gmail.com','Mimar','1991-01-07 01:53:06.850','2022-01-15 18:12:10','Ýstanbul','Zeytinburnu','ARh+'),
	  ('H051','Hüsnü','Karabulut','Erkek',45192821132,'Evli','Ýstanbul/Beylikdüzü',053629821327,052321203729,'husnukarabulut@gmail.com','Avizeci','1970-01-07 01:53:06.850','2022-01-15 18:12:10','Ýstanbul','Beylikdüzü','BRh+'),
	  ('H052','Derya','Venüs','Kadýn',45192821332,'Bekar','Ýstanbul/Çatalca',053229821377,053321203129,'deryavenus@gmail.com','Öðrenci','2002-07-05 01:53:06.850','2022-01-15 18:12:10','Ýstanbul','Çatalca','ABRh-'),
	  ('H053','Deniz','Kum','Erkek',45192821432,'Bekar','Ýstanbul/Þirinevler',053221821377,053311203129,'denizkum@gmail.com','Memur','1982-09-15 01:53:06.850','2022-01-15 18:12:10','Ýstanbul','Þirinevler','0Rh-'),
	  ('H054','Zekiye','Cansevdi','Kadýn',45192831432,'Evli','Ýstanbul/Beyoðlu',053221321377,053313203129,'zekiyecansevdi@gmail.com','Ev Hanýmý','1959-09-15 01:53:06.850','2022-01-15 18:12:10','Ýstanbul','Beyoðlu','ARh-'),
	  ('H055','Aykut','Can','Erkek',45192821462,'Bekar','Ýstanbul/Mecidiyeköy',053221822377,053311202129,'aykutcan@gmail.com','Mühendis','1978-05-27 01:53:06.850','2022-01-15 18:12:10','Ýstanbul','Mecidiyeköy','BRh+'),
	  ('H056','Semih','Güneþ','Erkek',45192841462,'Bekar','Ýstanbul/Ataþehir',053221842377,053311242129,'semihgunes@gmail.com','Öðrenci','2003-03-23 01:53:06.850','2022-01-15 18:12:10','Ýstanbul','Ataþehir','0Rh+'),
	  ('H057','Saadet','Ova','Kadýn',45192821412,'Evli','Ýstanbul/Okmeydaný',053221822327,053321202129,'saadetova@gmail.com','Ev Hanýmý','1958-05-27 01:53:06.850','2022-01-15 18:12:10','Ýstanbul','Okmeydaný','ABRh+'),
	  ('H058','Serap','Gün','Kadýn',45192841122,'Bekar','Ýstanbul/Beykoz',053221841377,053311241129,'serapgun@gmail.com','Öðrenci','2000-07-13 01:53:06.850','2022-01-15 18:12:10','Ýstanbul','Beykoz','ARh-'),
	  ('H059','Ali','Tur','Erkek',45192441122,'Bekar','Ýstanbul/Zeytinburnu',053271841377,053311241329,'alitur@gmail.com','Öðrenci','2000-12-30 01:53:06.850','2022-01-15 18:12:10','Ýstanbul','Zeytinburnu','ABRh-'),
	  ('H060','Sinan','Saran','Erkek',45192841152,'Bekar','Ýstanbul/Adalar',053221841367,053311261129,'sinansaran@gmail.com','Öðrenci','2000-03-26 01:53:06.850','2022-01-15 18:12:10','Ýstanbul','Adalar','ARh+'),
	  ('H061','Rüya','Nur','Kadýn',45194441122,'Bekar','Ýstanbul/Þile',053271741377,053713243129,'ruyanur@gmail.com','Öðrenci','2000-12-30 01:53:06.850','2022-11-01 18:12:10','Ýstanbul','Þile','0Rh+'),
	  ('H062','Rabia','Döngel','Kadýn',45194441155,'Bekar','Ýstanbul/Maltepe',053271741357,053713243999,'rabiadongel@gmail.com','Öðrenci','2000-01-31 01:53:06.850','2022-11-01 18:12:10','Ýstanbul','Maltepe','BRh+'),
	  ('H063','Melek','Soytaþ','Kadýn',45194141122,'Bekar','Ýstanbul/Fatih',053271741317,053113243129,'meleksoytas@gmail.com','Mühendis','1992-12-30 01:53:06.850','2022-11-01 18:12:10','Ýstanbul','Fatih','0Rh-'),
	  ('H064','Ece','Eker','Kadýn',45195441122,'Bekar','Ýstanbul/Esenler',053279741377,053713249129,'eceeker@gmail.com','Ev Hanýmý','1974-02-27 01:53:06.850','2022-11-01 18:12:10','Ýstanbul','Esenler','BRh-'),
	  ('H065','Sedat','Köþe','Erkek',45495441142,'Evli','Ýstanbul/Þile',053279741477,053713244129,'sedatkose@gmail.com','Bekçi','1964-06-06 01:53:06.850','2022-11-01 18:12:10','Ýstanbul','Þile','ARh-'),
	  ('H066','Ömer','Pamukçu','Erkek',45195441142,'Evli','Ýstanbul/Güngören',053279741347,053714249129,'omerpamukcu@gmail.com','Kuaför','1984-02-27 01:53:06.850','2022-11-01 18:12:10','Ýstanbul','Güngören','ABRh-'),
	  ('H067','Furkan','Kýlýç','Erkek',45195445522,'Evli','Ýstanbul/Bayrampaþa',053275751377,053713245529,'furkankilic@gmail.com','Hurdacý','1969-02-27 01:53:06.850','2022-11-01 18:12:10','Ýstanbul','Bayrampaþa','0Rh+'),
	  ('H068','Oðuzhan','Çolak','Erkek',45195541142,'Bekar','Ýstanbul/Beþiktaþ',053279741547,053514249129,'oguzhancolak@gmail.com','Fotoðrafçý','1989-02-27 01:53:06.850','2022-11-01 18:12:10','Ýstanbul','Beþiktaþ','BRh+'),
	  ('H069','Serkan','Öz','Erkek',45595441142,'Evli','Ýstanbul/Büyükçekmece',053275741337,053714245329,'serkanoz@gmail.com','Eczacý','1988-01-12 01:53:06.850','2022-11-01 18:12:10','Ýstanbul','Büyükçekmece','0Rh+'),
	  ('H070','Gizem','Söylemez','Kadýn',45135441342,'Evli','Ýstanbul/Çatalca',053219741347,053711249129,'gizemsoylemez@gmail.com','Güzellik Uzmaný','1994-02-27 01:53:06.850','2022-11-01 18:12:10','Ýstanbul','Çatalca','ABRh+');

	  
CREATE TABLE TBLHastaKabul(
Hasta_Kabul_ID char(10) CONSTRAINT PK_Hasta_Kabul_ID PRIMARY KEY,
KayitTarih datetime, CHECK (KayitTarih>'2021-09-01'),
HastaSikayet nvarchar(55),
HastaDurum nvarchar(25),
Hastane_ID char(10),
Hasta_ID char(10),
CONSTRAINT fk_hastaneId FOREIGN KEY (Hastane_ID) REFERENCES TBLHastane(Hastane_ID),
CONSTRAINT fk_hastalar_id FOREIGN KEY (Hasta_ID) REFERENCES TBLHastalar(Hasta_ID)
);

INSERT INTO TBLHastaKabul(Hasta_Kabul_ID,KayitTarih,HastaSikayet,HastaDurum,Hastane_ID,Hasta_ID)
VALUES('K001','2021-09-01 01:53:06.850','Göðüs Aðrýsý','Ýleri Seviye','H001','H001'),
	  ('K002','2021-09-01 02:05:16.759','Kalp Aðrýsý','Ýleri Seviye','H001','H002'),
	  ('K003','2021-10-02 03:04:17.658','Çene Aðrýsý','Temel Seviye','H001','H003'),
	  ('K004','2021-10-02 04:15:18.557','Lif Kopmasý','Ameliyat','H001','H004'),
	  ('K005','2021-10-03 05:08:19.456','Beyin Hasarý','Ameliyat','H001','H005'),
	  ('K006','2021-11-03 06:09:20.355','Ciltte Ýzler','Temel Seviye','H001','H006'),
	  ('K007','2021-11-03 07:10:21.254','Cilt Yaralarý','Temel Seviye','H001','H007'),
	  ('K008','2021-11-04 08:11:22.153','Karaciðer Aðrýsý','Ýleri Seviye','H001','H008'),
	  ('K009','2021-11-05 09:12:23.952','Kulak Aðrýsý','Temel Seviye','H001','H009'),
	  ('K010','2021-12-05 10:13:24.851','Miyop','Ýleri Seviye','H001','H010'),
	  ('K011','2021-12-06 11:14:25.751','Kol Aðrýsý','Ameliyat','H001','H011'),
	  ('K012','2021-12-06 12:25:26.652','Omuz Aðrýsý','Ameliyat','H001','H012'),
	  ('K013','2022-01-06 13:26:27.553','Baþ Aðrýsý','Ýleri Seviye','H001','H013'),
	  ('K014','2022-01-07 14:27:28.454','El Burkulmasý','Temel Seviye','H001','H014'),
	  ('K015','2022-01-07 15:28:29.355','Göðüs Aðrýsý','Ýleri Seviye','H001','H015'),
	  ('K016','2022-01-08 16:29:30.256','Travma Yaralanmalarý','Temel Seviye','H001','H016'),
	  ('K017','2022-01-08 17:30:31.157','Bacak Aðrýsý','Temel Seviye','H001','H017'),
	  ('K018','2022-01-09 18:31:32.958','Diþ Aðrýsý','Ýleri Seviye','H001','H018'),
	  ('K019','2022-01-10 19:32:33.856','Kalp Aðrýsý','Ýleri Seviye','H001','H019'),
	  ('K020','2022-01-11 20:33:34.755','Baþ Aðrýsý','Temel Seviye','H001','H020'),
	  ('K021','2022-01-12 21:34:35.654','Nöbet','Ýleri Seviye','H001','H021'),
	  ('K022','2022-01-13 22:35:36.553','Hipermetropluk','Ameliyat','H001','H022'),
	  ('K023','2022-01-14 23:36:37.452','Kanser','Ameliyat','H001','H023'),
	  ('K024','2022-01-15 23:37:38.351','Ünser','Ýleri Seviye','H001','H024'),
	  ('K025','2022-01-16 15:38:39.250','Reflü','Temel Seviye','H001','H025'),
	  ('K026','2022-01-17 16:39:41.151','Diz Aðrýsý','Ýleri Seviye','H001','H026'),
	  ('K027','2022-01-18 17:40:51.952','Beyin Hasarý','Ýleri Seviye','H001','H027'),
	  ('K028','2022-01-18 18:41:52.853','Astým','Temel Seviye','H001','H028'),
	  ('K029','2022-01-19 19:40:53.753','Mide Kramp','Temel Seviye','H001','H029'),
	  ('K030','2022-01-20 20:39:57.653','Kulak Aðrýsý','Temel Seviye','H001','H030'),
	  ('K031','2022-01-21 21:38:58.555','Astigmat','Ameliyat','H001','H031'),
	  ('K032','2022-01-22 22:37:59.454','Fýtýk','Ýleri Seviye','H001','H032'),
	  ('K033','2022-01-23 23:36:10.356','Karýn Aðrýsý','Temel Seviye','H001','H033'),
	  ('K034','2022-01-24 23:35:11.257','Mide Bulantsý','Ýleri Seviye','H001','H034'),
	  ('K035','2022-01-25 21:34:12.158','Migren','Ameliyat','H001','H035'),
	  ('K036','2022-01-26 22:33:13.959','Göðüs Aðrýsý','Ýleri Seviye','H001','H036'),
	  ('K037','2022-01-27 22:32:14.850','Boðaz Aðrýsý','Temel Seviye','H001','H037'),
	  ('K038','2022-02-28 01:31:15.751','Hemoroid','Ýleri Seviye','H001','H038'),
	  ('K039','2022-02-28 09:30:16.652','Boðaz Aðrýsý','Ýleri Seviye','H001','H039'),
	  ('K040','2022-02-10 04:29:17.553','Topuk Aðrýsý','Temel Seviye','H001','H040'),
	  ('K041','2022-02-11 05:28:18.454','Baþ Aðrýsý','Temel Seviye','H001','H041'),
	  ('K042','2022-02-12 02:27:19.355','Boðaz Aðrýsý','Temel Seviye','H001','H042'),
	  ('K043','2022-02-13 03:26:01.256','Mide Bulantýsý','Temel Seviye','H001','H043'),
	  ('K044','2022-02-14 14:25:11.157','Astým','Ýleri Seviye','H001','H044'),
	  ('K045','2022-02-15 15:24:12.958','Prostat','Ýleri Seviye','H001','H045'),
	  ('K046','2022-02-15 16:23:12.859','Astým','Temel Seviye','H001','H046'),
	  ('K047','2022-02-16 17:22:13.751','Fýtýk','Ýleri Seviye','H001','H047'),
	  ('K048','2022-02-17 18:21:18.652','Mide Bulantýsý','Ýleri Seviye','H001','H048'),
	  ('K049','2022-02-18 19:20:19.553','Migren','Orta Seviye','H001','H049'),
	  ('K050','2022-02-19 05:19:12.454','Karýn Aðrýsý','Temel Seviye','H001','H050'),
	  ('K051','2022-02-10 15:18:14.355','Baþ Aðrýsý','Orta Seviye','H001','H051'),
	  ('K052','2022-02-11 12:17:13.256','Boðaz Aðrýsý','Temel Seviye','H001','H052'),
	  ('K053','2022-02-12 13:16:11.157','Göðüs Aðrýsý','Ýleri Seviye','H001','H053'),
	  ('K054','2022-02-13 14:15:12.958','Nefes Darlýðý','Ýleri Seviye','H001','H054'),
	  ('K055','2022-02-14 15:14:13.858','Nöbet','Ciddi','H001','H055'),
	  ('K056','2022-02-15 16:13:14.759','Bel Fýtýðý','Ýleri Seviye','H001','H056'),
	  ('K057','2022-03-19 17:12:15.650','Boyun Fýtýðý','Ameliyat','H001','H057'),
	  ('K058','2022-03-20 18:11:16.551','Kireçlenme','Ýleri Seviye','H001','H058'),
	  ('K059','2022-03-21 19:10:17.452','Ödem','Orta Seviye','H001','H059'),
	  ('K060','2022-03-22 01:09:18.353','Romatizma','Ýleri Seviye','H001','H060'),
	  ('K061','2022-03-23 01:08:19.252','Diþ Çürüðü','Ýleri Seviye','H001','H061'),
	  ('K062','2022-03-24 12:07:09.151','Ciltte izler','Temel Seviye','H001','H062'),
	  ('K063','2022-03-25 13:06:11.951','Nöbet','Ýleri Seviye','H001','H063'),
	  ('K064','2022-03-26 14:05:22.851','Böbrek Kist','Ameliyat','H001','H064'),
	  ('K065','2022-03-27 15:04:23.754','Prostat','Ameliyat','H001','H065'),
	  ('K066','2022-03-28 16:03:34.655','Miyopluk','Orta Seviye','H001','H066'),
	  ('K067','2022-03-29 17:02:35.557','Tiroid Bez Þiþkinliði','Ýleri Seviye','H001','H067'),
	  ('K068','2022-03-30 18:01:46.458','Nöbet','Ýleri Seviye','H001','H068'),
	  ('K069','2022-03-01 19:13:37.356','Boðaz Aðrýsý','Ýleri Seviye','H001','H069'),
	  ('K070','2022-03-10 10:15:28.255','Kulak Aðrýsý','Temel Seviye','H001','H070');


CREATE TABLE TBLRandevu(
Randevu_ID char(10) CONSTRAINT PK_Randevu_ID PRIMARY KEY,
RandevuTarih datetime,
RandevuGelis nvarchar(10)  CHECK (RandevuGelis in( 'Geldi','Gelmedi')),
Hasta_Kabul_ID char(10),
CONSTRAINT FK_hastaKabul_id FOREIGN KEY (Hasta_Kabul_ID) REFERENCES TBLHastaKabul(Hasta_Kabul_ID)
);

INSERT INTO TBLRandevu(Randevu_ID,RandevuTarih,RandevuGelis,Hasta_Kabul_ID)
VALUES('R001','2021-09-01 01:53:06.850','Geldi','K001'),
	  ('R002','2021-09-01 02:05:16.751','Gelmedi','K002'),
	  ('R003','2021-10-02 03:04:17.659','Geldi','K003'),
	  ('R004','2021-10-02 04:15:18.558','Geldi','K004'),
	  ('R005','2021-10-03 05:08:19.457','Gelmedi','K005'),
	  ('R006','2021-11-03 06:09:20.356','Gelmedi','K006'),
	  ('R007','2021-11-03 07:10:21.255','Gelmedi','K007'),
	  ('R008','2021-11-04 08:11:22.154','Geldi','K008'),
	  ('R009','2021-11-05 09:12:23.953','Geldi','K009'),
	  ('R010','2021-12-05 10:13:24.852','Geldi','K010'),
	  ('R011','2021-12-06 11:14:25.751','Gelmedi','K011'),
	  ('R012','2021-12-06 12:25:26.650','Geldi','K012'),
	  ('R013','2022-01-06 13:26:27.559','Geldi','K013'),
	  ('R014','2022-01-07 14:27:28.458','Gelmedi','K014'),
	  ('R015','2022-01-07 15:28:29.357','Geldi','K015'),
	  ('R016','2022-01-08 16:29:30.256','Geldi','K016'),
	  ('R017','2022-01-08 17:30:31.155','Geldi','K017'),
	  ('R018','2022-01-09 18:31:32.954','Geldi','K018'),
	  ('R019','2022-01-10 19:32:33.853','Geldi','K019'),
	  ('R020','2022-01-11 20:33:34.752','Gelmedi','K020'),
	  ('R021','2022-01-12 21:34:35.651','Geldi','K021'),
	  ('R022','2022-01-13 22:35:36.550','Geldi','K022'),
	  ('R023','2022-01-14 23:36:37.459','Geldi','K023'),
	  ('R024','2022-01-15 23:37:38.358','Geldi','K024'),
	  ('R025','2022-01-16 15:38:39.257','Gelmedi','K025'),
	  ('R026','2022-01-17 16:39:41.156','Geldi','K026'),
	  ('R027','2022-01-18 17:40:51.955','Geldi','K027'),
	  ('R028','2022-01-18 18:41:52.854','Geldi','K028'),
	  ('R029','2022-01-19 19:40:53.753','Geldi','K029'),
	  ('R030','2022-01-20 20:39:57.652','Gelmedi','K030'),
	  ('R031','2022-01-21 21:38:58.551','Gelmedi','K031'),
	  ('R032','2022-01-22 22:37:59.450','Geldi','K032'),
	  ('R033','2022-01-23 23:36:10.359','Gelmedi','K033'),
	  ('R034','2022-01-24 23:35:11.258','Geldi','K034'),
	  ('R035','2022-01-25 21:34:12.157','Geldi','K035'),
	  ('R036','2022-01-26 22:33:13.956','Gelmedi','K036'),
	  ('R037','2022-01-27 22:32:14.855','Geldi','K037'),
	  ('R038','2022-02-28 01:31:15.754','Geldi','K038'),
	  ('R039','2022-02-28 09:30:16.653','Geldi','K039'),
	  ('R040','2022-02-10 04:29:17.552','Geldi','K040'),
	  ('R041','2022-02-11 05:28:18.451','Geldi','K041'),
	  ('R042','2022-02-12 02:27:19.350','Geldi','K042'),
	  ('R043','2022-02-13 03:26:01.259','Geldi','K043'),
	  ('R044','2022-02-14 14:25:11.158','Geldi','K044'),
	  ('R045','2022-02-15 15:24:12.957','Geldi','K045'),
	  ('R046','2022-02-15 16:23:12.856','Geldi','K046'),
	  ('R047','2022-02-16 17:22:13.755','Geldi','K047'),
	  ('R048','2022-02-17 18:21:18.654','Geldi','K048'),
	  ('R049','2022-02-18 19:20:19.553','Geldi','K049'),
	  ('R050','2022-02-19 05:19:12.452','Gelmedi','K050'),
	  ('R051','2022-02-10 15:18:14.351','Gelmedi','K051'),
	  ('R052','2022-02-11 12:17:13.250','Gelmedi','K052'),
	  ('R053','2022-02-12 13:16:11.159','Geldi','K053'),
	  ('R054','2022-02-13 14:15:12.958','Geldi','K054'),
	  ('R055','2022-02-14 15:14:13.857','Geldi','K055'),
	  ('R056','2022-02-15 16:13:14.756','Geldi','K056'),
	  ('R057','2022-03-19 17:12:15.655','Geldi','K057'),
	  ('R058','2022-03-20 18:11:16.554','Geldi','K058'),
	  ('R059','2022-03-21 19:10:17.453','Geldi','K059'),
	  ('R060','2022-03-22 01:09:18.352','Geldi','K060'),
	  ('R061','2022-03-23 01:08:19.251','Geldi','K061'),
	  ('R062','2022-03-24 12:07:09.159','Gelmedi','K062'),
	  ('R063','2022-03-25 13:06:11.958','Geldi','K063'),
	  ('R064','2022-03-26 14:05:22.857','Geldi','K064'),
	  ('R065','2022-03-27 15:04:23.756','Geldi','K065'),
	  ('R066','2022-03-28 16:03:34.655','Gelmedi','K066'),
	  ('R067','2022-03-29 17:02:35.554','Geldi','K067'),
	  ('R068','2022-03-30 18:01:46.453','Geldi','K068'),
	  ('R069','2022-03-01 19:13:37.352','Geldi','K069'),
	  ('R070','2022-03-10 10:15:28.251','Gelmedi','K070');


CREATE TABLE TBLTahliller(
Tahlil_ID char(10) CONSTRAINT PK_Tahlil_ID PRIMARY KEY,
Durum nvarchar(30),
Sonuc nvarchar(30),
Doktor_ID char(10),
Hasta_Kabul_ID char(10),
CONSTRAINT Fk_Tahliller_iD FOREIGN KEY (Doktor_ID) REFERENCES TBLDoktor(Doktor_ID),
CONSTRAINT Fk_Hasta_Kabul_Id FOREIGN KEY (Hasta_Kabul_ID) REFERENCES TBLHastaKabul(Hasta_Kabul_ID)
);

INSERT INTO TBLTahliller(Tahlil_ID,Durum,Sonuc,Doktor_ID,Hasta_Kabul_ID)
VALUES('T001','Göðüs Aðrýsý','Yoðun Bakýmda','D031','K001'),
      ('T002','Kalp Aðrýsý','Tedavi Oldu','D030','K002'),
	  ('T003','Çene Aðrýsý','Tedavi Oldu','D001','K003'),
	  ('T004','Lif Kopmasý','Tedavi Oldu','D009','K004'),
	  ('T005','Beyin Hasarý','Tedavi Oldu','D024','K005'),
	  ('T006','Ciltte Ýzler','Tedavi Oldu','D035','K006'),
	  ('T007','Cilt Yaralarý','Tedavi Oldu','D004','K007'),
	  ('T008','Karaciðer Aðrýsý','Yoðun Bakýmda','D031','K008'),
	  ('T009','Kulak Aðrýsý','Tedavi Oldu','D050','K009'),
	  ('T010','Miyop','Tedavi Oldu','D045','K010'),
	  ('T011','Kol Aðrýsý','Tedavi Oldu','D041','K011'),
	  ('T012','Omuz Aðrýsý','Tedavi Oldu','D010','K012'),
	  ('T013','Baþ Aðrýsý','Yoðun Bakýmda','D014','K013'),
	  ('T014','El Burkulmasý','Tedavi Oldu','D041','K014'),
	  ('T015','Göðüs Aðrýsý','Tedavi Oldu','D036','K015'),
	  ('T016','Travma Yaralanmalarý','Tedavi Oldu','D015','K016'),
	  ('T017','Bacak Aðrýsý','Tedavi Oldu','D016','K017'),
	  ('T018','Diþ Aðrýsý','Tedavi Oldu','D037','K018'),
	  ('T019','Kalp Aðrýsý','Tedavi Oldu','D043','K019'),
	  ('T020','Baþ Aðrýsý','Tedavi Oldu','D024','K020'),
	  ('T021','Nöbet','Tedavi Oldu','D048','K021'),
	  ('T022','Hipermetropluk','Tedavi Oldu','D045','K022'),
	  ('T023','Kanser','Tedavi Oldu','D022','K023'),
	  ('T024','Ünser','Tedavi Oldu','D031','K024'),
	  ('T025','Reflü','Tedavi Oldu','D031','K025'),
	  ('T026','Diz Aðrýsý','Tedavi Oldu','D033','K026'),
	  ('T027','Beyin Hasarý','Tedavi Oldu','D022','K027'),
	  ('T028','Astým','Tedavi Oldu','D006','K028'),
	  ('T029','Mide Kramp','Yoðun Bakýmda','D006','K029'),
	  ('T030','Kulak Aðrýsý','Tedavi Oldu','D042','K030'),
	  ('T031','Astigmat','Tedavi Oldu','D008','K031'),
	  ('T032','Fýtýk','Tedavi Oldu','D009','K032'),
	  ('T033','Karýn Aðrýsý','Tedavi Oldu','D006','K033'),
	  ('T034','Mide Bulantsý','Tedavi Oldu','D031','K034'),
	  ('T035','Migren','Tedavi Oldu','D006','K035'),
	  ('T036','Göðüs Aðrýsý','Yoðun Bakýmda','D006','K036'),
	  ('T037','Boðaz Aðrýsý','Tedavi Oldu','D042','K037'),
	  ('T038','Hemoroid','Tedavi Oldu','D006','K038'),
	  ('T039','Boðaz Aðrýsý','Tedavi Oldu','D025','K039'),
	  ('T040','Topuk Aðrýsý','Tedavi Oldu','D015','K040'),
	  ('T041','Baþ Aðrýsý','Tedavi Oldu','D031','K041'),
	  ('T042','Boðaz Aðrýsý','Tedavi Oldu','D011','K042'),
	  ('T043','Mide Bulantýsý','Tedavi Oldu','D006','K043'),
	  ('T044','Astým','Tedavi Oldu','D006','K044'),
	  ('T045','Prostat','Yoðun Bakýmda','D044','K045'),
	  ('T046','Astým','Tedavi Oldu','D006','K046'),
	  ('T047','Fýtýk','Tedavi Oldu','D006','K047'),
	  ('T048','Mide Bulantýsý','Tedavi Oldu','D031','K048'),
	  ('T049','Migren','Tedavi Oldu','D031','K049'),
	  ('T050','Karýn Aðrýsý','Tedavi Oldu','D024','K050'),
	  ('T051','Baþ Aðrýsý','Tedavi Oldu','D023','K051'),
	  ('T052','Boðaz Aðrýsý','Tedavi Oldu','D007','K052'),
	  ('T053','Göðüs Aðrýsý','Yoðun Bakýmda','D006','K053'),
	  ('T054','Nefes Darlýðý','Tedavi Oldu','D050','K054'),
	  ('T055','Nöbet','Tedavi Oldu','D048','K055'),
	  ('T056','Bel Fýtýðý','Tedavi Oldu','D009','K056'),
	  ('T057','Boyun Fýtýðý','Yoðun Bakýmda','D009','K057'),
	  ('T058','Kireçlenme','Tedavi Oldu','D032','K058'),
	  ('T059','Ödem','Tedavi Oldu','D031','K059'),
	  ('T060','Romatizma','Tedavi Oldu','D010','K060'),
	  ('T061','Diþ Çürüðü','Tedavi Oldu','D034','K061'),
	  ('T062','Ciltte izler','Tedavi Oldu','D035','K062'),
	  ('T063','Nöbet','Tedavi Oldu','D048','K063'),
	  ('T064','Böbrek Kist','Yoðun Bakýmda','D022','K064'),
	  ('T065','Prostat','Tedavi Oldu','D044','K065'),
	  ('T066','Miyopluk','Tedavi Oldu','D045','K066'),
	  ('T067','Tiroid Bez Þiþkinliði','Tedavi Oldu','D031','K067'),
	  ('T068','Nöbet','Tedavi Oldu','D048','K068'),
	  ('T069','Boðaz Aðrýsý','Tedavi Oldu','D007','K069'),
	  ('T070','Kulak Aðrýsý','Tedavi Oldu','D050','K070');

CREATE TABLE TBLMuayeneler(
Muayene_ID char(10) CONSTRAINT PK_Muayene_ID PRIMARY KEY,
Tarih datetime,
Doktor_ID char(10),
Hasta_ID char(10),
CONSTRAINT FK_Muayeneler_Id FOREIGN KEY (Doktor_ID) REFERENCES TBLDoktor(Doktor_ID),
CONSTRAINT Fk_Hasta_id FOREIGN KEY (Hasta_ID) REFERENCES TBLHastalar(Hasta_ID)
);

INSERT INTO TBLMuayeneler(Muayene_ID,Tarih,Doktor_ID,Hasta_ID)
VALUES('M001','2021-09-01 01:53:06.850','D031','H001'),
	  ('M002','2021-09-01 02:05:16.759','D030','H002'),
	  ('M003','2021-10-02 03:04:17.658','D001','H003'),
	  ('M004','2021-10-02 04:15:18.557','D009','H004'),
	  ('M005','2021-10-03 05:08:19.456','D024','H005'),
	  ('M006','2021-11-03 06:09:20.355','D035','H006'),
	  ('M007','2021-11-03 07:10:21.254','D004','H007'),
	  ('M008','2021-11-04 08:11:22.153','D031','H008'),
	  ('M009','2021-11-05 09:12:23.952','D050','H009'),
	  ('M010','2021-12-05 10:13:24.851','D045','H010'),
	  ('M011','2021-12-06 11:14:25.751','D041','H011'),
	  ('M012','2021-12-06 12:25:26.652','D010','H012'),
	  ('M013','2022-01-06 13:26:27.553','D014','H013'),
	  ('M014','2022-01-07 14:27:28.454','D041','H014'),
	  ('M015','2022-01-07 15:28:29.355','D036','H015'),
	  ('M016','2022-01-08 16:29:30.256','D015','H016'),
	  ('M017','2022-01-08 17:30:31.157','D016','H017'),
	  ('M018','2022-01-09 18:31:32.958','D037','H018'),
	  ('M019','2022-01-10 19:32:33.856','D043','H019'),
	  ('M020','2022-01-11 20:33:34.755','D024','H020'),
	  ('M021','2022-01-12 21:34:35.654','D048','H021'),
	  ('M022','2022-01-13 22:35:36.553','D045','H022'),
	  ('M023','2022-01-14 23:36:37.452','D022','H023'),
	  ('M024','2022-01-15 23:37:38.351','D031','H024'),
	  ('M025','2022-01-16 15:38:39.250','D031','H025'),
	  ('M026','2022-01-17 16:39:41.151','D033','H026'),
	  ('M027','2022-01-18 17:40:51.952','D022','H027'),
	  ('M028','2022-01-18 18:41:52.853','D006','H028'),
	  ('M029','2022-01-19 19:40:53.753','D006','H029'),
	  ('M030','2022-01-20 20:39:57.653','D042','H030'),
	  ('M031','2022-01-21 21:38:58.555','D008','H031'),
	  ('M032','2022-01-22 22:37:59.454','D009','H032'),
	  ('M033','2022-01-23 23:36:10.356','D006','H033'),
	  ('M034','2022-01-24 23:35:11.257','D031','H034'),
	  ('M035','2022-01-25 21:34:12.158','D006','H035'),
	  ('M036','2022-01-26 22:33:13.959','D006','H036'),
	  ('M037','2022-01-27 22:32:14.850','D042','H037'),
	  ('M038','2022-02-28 01:31:15.751','D006','H038'),
	  ('M039','2022-02-28 09:30:16.652','D025','H039'),
	  ('M040','2022-02-10 04:29:17.553','D015','H040'),
	  ('M041','2022-02-11 05:28:18.454','D031','H041'),
	  ('M042','2022-02-12 02:27:19.355','D011','H042'),
	  ('M043','2022-02-13 03:26:01.256','D006','H043'),
	  ('M044','2022-02-14 14:25:11.157','D006','H044'),
	  ('M045','2022-02-15 15:24:12.958','D044','H045'),
	  ('M046','2022-02-15 16:23:12.859','D006','H046'),
	  ('M047','2022-02-16 17:22:13.751','D006','H047'),
	  ('M048','2022-02-17 18:21:18.652','D031','H048'),
	  ('M049','2022-02-18 19:20:19.553','D031','H049'),
	  ('M050','2022-02-19 05:19:12.454','D024','H050'),
	  ('M051','2022-02-10 15:18:14.355','D023','H051'),
	  ('M052','2022-02-11 12:17:13.256','D007','H052'),
	  ('M053','2022-02-12 13:16:11.157','D006','H053'),
	  ('M054','2022-02-13 14:15:12.958','D050','H054'),
	  ('M055','2022-02-14 15:14:13.858','D048','H055'),
	  ('M056','2022-02-15 16:13:14.759','D009','H056'),
	  ('M057','2022-03-19 17:12:15.650','D009','H057'),
	  ('M058','2022-03-20 18:11:16.551','D032','H058'),
	  ('M059','2022-03-21 19:10:17.452','D031','H059'),
	  ('M060','2022-03-22 01:09:18.353','D010','H060'),
	  ('M061','2022-03-23 01:08:19.252','D034','H061'),
	  ('M062','2022-03-24 12:07:09.151','D035','H062'),
	  ('M063','2022-03-25 13:06:11.951','D048','H063'),
	  ('M064','2022-03-26 14:05:22.851','D022','H064'),
	  ('M065','2022-03-27 15:04:23.754','D044','H065'),
	  ('M066','2022-03-28 16:03:34.655','D045','H066'),
	  ('M067','2022-03-29 17:02:35.557','D031','H067'),
	  ('M068','2022-03-30 18:01:46.458','D048','H068'),
	  ('M069','2022-03-01 19:13:37.356','D007','H069'),
	  ('M070','2022-03-10 10:15:28.255','D050','H070');